DELIVERY_YEAR,Frequency,APPROX_DELIVERY_DATE,Frequency,PARITY,Frequency,NRO_CHILD,Frequency,NRO_FETUSES,Frequency,CHILD_SEX,Frequency,MOTHER_AGE,Frequency,MOTHER_WEIGHT,Frequency,MOTHER_HEIGHT,Frequency,SMOKING,Frequency,DURATION_WEEKS,Frequency,DURATION_DAYS,Frequency,ORDER,Frequency,SDIAG1,Frequency,SDIAG2,Frequency,SDIAG3,Frequency,SDIAG4,Frequency,SDIAG5,Frequency,SDIAG6,Frequency,SDIAG7,Frequency,SDIAG8,Frequency,SDIAG9,Frequency,SDIAG10,Frequency,RDIAG1,Frequency,RDIAG2,Frequency,RDIAG3,Frequency,RDIAG4,Frequency,RDIAG5,Frequency,RDIAG6,Frequency,RDIAG7,Frequency,RDIAG8,Frequency,RDIAG9,Frequency,RDIAG10,Frequency,MATUR_THREAT,Frequency,INSEM,Frequency,IVF,Frequency,ICSI,Frequency,PAS,Frequency,GAMETE_DONAT,Frequency,RKOURIS,Frequency,MOTHER_BLOOD_PRES,Frequency,MOTHER_BLEEDING,Frequency,OTHER_PREG_DIAB_THREAT,Frequency,DIABETES,Frequency,GLUC,Frequency,GLUC_PATOL,Frequency,INS_THREAT_INIT,Frequency,PREM,Frequency
1992,9958,List truncated...,,1,222293,2,196208,1,487227,1,254365,26.0,530,,393843,,391453,,243819,,244980,,244980,A,252354,,378805,,441027,,470429,,486839,,494478,,497815,,499332,,499731,,499892,,499962,,433163,,462385,,477891,,487235,,493063,,496563,,498669,,499369,,499682,,499862,0,254471,0,254992,0,255582,0,255934,0,255670,0,256069,0,256050,0,248880,0,253746,0,255595,,268111,,243819,,243819,0,253135,0,250551
1991,9853,,,2,169843,3,145370,2,12461,2,245621,27.0,500,60,5038,165,8665,1,215615,40,71404,0,42746,,243819,O800,50249,Z370,11434,Z370,5027,Z370,2539,Z370,1131,Z370,436,Z370,152,Z370,68,List truncated...,,List truncated...,,O244,6793,Z363,3181,Z363,1265,Z363,642,Z363,342,O244,155,O244,56,List truncated...,,List truncated...,,List truncated...,,,243819,,243819,,243819,,243819,,243819,,243819,,243819,,243819,,243819,,243819,0,229686,0,197113,0,239462,,243819,,243819
1990,9786,,,3,69646,4,60093,3,292,List truncated...,,31.0,497,65,4623,168,8124,3,23300,39,63649,1,36668,B,3753,6500B,19375,O680,3237,Z392,1307,O244,485,O244,159,O244,82,List truncated...,,List truncated...,,,,,,Z363,6089,O244,2583,O244,1246,O244,616,O244,314,Z358,138,Z370,54,,,,,,,1,1710,1,1189,1,599,1,247,1,511,1,112,1,131,1,7301,1,2435,1,586,1,2203,1,59068,1,16719,1,3046,1,5630
1994,9572,,,4,21625,1,50355,List truncated...,,,,28.0,489,62,4224,170,7984,2,9654,41,46050,2,35512,C,73,O808,6495,O800,2338,O244,944,O8210,412,O8210,156,Z392,78,,,,,,,,,Z348,3205,O342,1753,Z358,1048,Z358,566,Z358,298,O470,126,List truncated...,,,,,,,,,,,,,,,,,,,,,,,,,,,,,,,,,,,,,
1989,9525,,,5,7247,5,20957,,,,,30.0,483,58,3883,160,7128,9,7379,38,33761,3,35237,List truncated...,,O814,5343,O244,2079,O8210,935,O342,348,Z392,128,O8210,68,,,,,,,,,O342,2650,Z358,1589,O342,793,O470,457,O470,222,Z363,117,,,,,,,,,,,,,,,,,,,,,,,,,,,,,,,,,,,,,,
1993,9522,,,6,3313,6,9389,,,,,24.0,437,70,3842,164,6858,4,233,37,13578,6,35060,,,O8210,4714,O814,1649,O342,840,O9980,308,O9980,126,E6601,51,,,,,,,,,Z349,2565,Z348,1357,O470,779,O342,360,Z370,217,Z370,116,,,,,,,,,,,,,,,,,,,,,,,,,,,,,,,,,,,,,,
1983,9374,,,7,1853,7,4546,,,,,27.92,423,63,3777,163,6744,,,42,10360,5,34945,,,O820,4181,O8210,1516,O701,815,O701,306,O342,125,O60,50,,,,,,,,,Z340,2206,O470,1166,Z348,680,Z370,349,O9980,173,O366,90,,,,,,,,,,,,,,,,,,,,,,,,,,,,,,,,,,,,,,
1988,9372,,,8,1212,8,2890,,,,,27.75,418,68,3585,167,6088,,,36,6185,4,34852,,,O680,2148,O631,1437,O680,784,O680,294,O701,122,List truncated...,,,,,,,,,,Z358,2016,Z340,940,O9980,533,Z348,316,O366,171,O800,85,,,,,,,,,,,,,,,,,,,,,,,,,,,,,,,,,,,,,,
1982,9343,,,9,876,9,2295,,,,,29.0,414,64,3538,162,6050,,,35,3248,,,,,O60,973,O701,1403,O640,713,O721,291,E6601,108,,,,,,,,,,,O470,1928,Z349,912,O13,523,O9980,312,O13,156,O9980,83,,,,,,,,,,,,,,,,,,,,,,,,,,,,,,,,,,,,,,
1984,9167,,,10,632,10,1953,,,,,28.41,411,55,3196,166,5048,,,34,2009,,,,,O80,964,O721,1309,O721,651,Z392,251,O680,99,,,,,,,,,,,O13,1561,O9980,853,Z340,523,O13,295,O342,149,Z348,78,,,,,,,,,,,,,,,,,,,,,,,,,,,,,,,,,,,,,,
1995,9057,,,11,424,11,1708,,,,,28.27,410,57,3144,169,4717,,,33,1226,,,,,O809,905,O9980,1264,O9980,634,O48,247,O60,91,,,,,,,,,,,Z360,1526,O13,841,Z349,473,O366,289,E6601,145,O342,71,,,,,,,,,,,,,,,,,,,,,,,,,,,,,,,,,,,,,,
1985,9025,,,,420,12,1269,,,,,27.78,409,67,3052,172,4531,,,32,762,,,,,O630,864,O808,1170,O814,597,O60,242,O721,90,,,,,,,,,,,O300,1444,O800,730,O800,452,Z340,249,O429,137,Z349,66,,,,,,,,,,,,,,,,,,,,,,,,,,,,,,,,,,,,,,
1987,9002,,,12,279,13,1084,,,,,27.83,408,59,2901,158,3815,,,31,570,,,,,O631,852,O820,1109,O720,511,O720,232,O48,86,,,,,,,,,,,O9980,1297,O366,725,Z370,448,Z349,237,O321,129,O13,65,,,,,,,,,,,,,,,,,,,,,,,,,,,,,,,,,,,,,,
1981,8907,,,13,168,14,692,,,,,26.13,406,56,2867,161,3777,,,30,402,,,,,O9980,836,O342,1044,O631,490,O366,206,Z372,81,,,,,,,,,,,O321,1293,O321,676,O366,439,O800,231,Z348,126,O321,58,,,,,,,,,,,,,,,,,,,,,,,,,,,,,,,,,,,,,,
1980,8852,,,14,93,,420,,,,,27.58,402,66,2725,171,3573,,,29,306,,,,,O244,814,O720,1020,O48,490,E6601,193,E039,76,,,,,,,,,,,O240,1251,E6601,561,E6601,413,O429,225,Z340,119,E6601,51,,,,,,,,,,,,,,,,,,,,,,,,,,,,,,,,,,,,,,
1979,8761,,,List truncated...,,15,414,,,,,32.0,402,72,2714,173,3394,,,28,255,,,,,O641,812,O630,1018,O60,470,O814,191,O756,72,,,,,,,,,,,O48,1016,O48,561,O321,404,E6601,219,Z349,118,Z340,51,,,,,,,,,,,,,,,,,,,,,,,,,,,,,,,,,,,,,,
1977,8714,,,,,16,169,,,,,29.04,401,61,2694,174,2814,,,27,225,,,,,6563B,743,O756,1017,O820,456,O640,187,O235,72,,,,,,,,,,,O429,958,O249,510,O249,307,O321,201,O800,114,O471,50,,,,,,,,,,,,,,,,,,,,,,,,,,,,,,,,,,,,,,
1996,8695,,,,,17,118,,,,,25.8,400,75,2581,159,2598,,,26,220,,,,,O721,628,O60,979,O800,439,O756,171,O814,70,,,,,,,,,,,6440A,928,O429,505,O429,302,O365,198,O365,101,List truncated...,,,,,,,,,,,,,,,,,,,,,,,,,,,,,,,,,,,,,,,
1986,8677,,,,,18,51,,,,,29.1,400,54,2377,175,2500,,,43,194,,,,,O840,623,O48,911,O366,407,Z302,159,O720,69,,,,,,,,,,,V220A,904,O365,468,O365,291,O992,174,O992,88,,,,,,,,,,,,,,,,,,,,,,,,,,,,,,,,,,,,,,,,
1976,8608,,,,,List truncated...,,,,,,28.06,400,69,2342,157,2161,,,25,177,,,,,6522B,613,O640,906,O630,371,O13,145,O993,68,,,,,,,,,,,Z368,829,Z360,445,O48,282,O48,157,O993,83,,,,,,,,,,,,,,,,,,,,,,,,,,,,,,,,,,,,,,,,
1978,8574,,,,,,,,,,,27.08,398,80,2161,156,1665,,,24,161,,,,,O8211,593,O321,736,O808,368,O820,141,O13,66,,,,,,,,,,,O249,786,O300,424,O992,260,O249,155,O410,76,,,,,,,,,,,,,,,,,,,,,,,,,,,,,,,,,,,,,,,,
1975,8414,,,,,,,,,,,29.22,397,73,2152,176,1602,,,23,134,,,,,O801,551,O366,598,O756,354,O365,132,O820,65,,,,,,,,,,,O800,714,O240,393,O471,214,O993,135,E039,71,,,,,,,,,,,,,,,,,,,,,,,,,,,,,,,,,,,,,,,,
1997,8348,,,,,,,,,,,26.92,397,52,2114,155,1540,,,22,119,,,,,O756,422,O641,575,O750,273,O631,129,Z358,61,,,,,,,,,,,O266,681,Z370,391,Z360,210,Z360,134,Z718,68,,,,,,,,,,,,,,,,,,,,,,,,,,,,,,,,,,,,,,,,
1974,7944,,,,,,,,,,,28.93,397,53,2092,178,1171,,,List truncated...,,,,,,Z370,422,O688,495,O13,260,Z358,128,O366,61,,,,,,,,,,,6488A,579,O288,364,O993,203,O471,120,O48,68,,,,,,,,,,,,,,,,,,,,,,,,,,,,,,,,,,,,,,,,
2000,7912,,,,,,,,,,,27.4,395,74,1919,177,1079,,,,,,,,,6440B,404,O750,457,O365,257,O992,123,O992,57,,,,,,,,,,,O366,566,O471,350,O410,189,O368,120,Z364,65,,,,,,,,,,,,,,,,,,,,,,,,,,,,,,,,,,,,,,,,
1998,7864,,,,,,,,,,,27.74,393,78,1787,154,826,,,,,,,,,O720,396,O235,435,E6601,256,O235,121,O640,56,,,,,,,,,,,O365,561,O992,301,Z352,187,Z718,112,O249,61,,,,,,,,,,,,,,,,,,,,,,,,,,,,,,,,,,,,,,,,
1999,7757,,,,,,,,,,,29.33,393,50,1623,153,793,,,,,,,,,O342,385,O365,427,Z302,250,O411,118,Z302,54,,,,,,,,,,,O471,524,O993,297,Z718,170,O410,109,O471,58,,,,,,,,,,,,,,,,,,,,,,,,,,,,,,,,,,,,,,,,
2001,7662,,,,,,,,,,,26.11,393,71,1590,180,758,,,,,,,,,O701,357,O13,401,O240,240,Z372,110,E669,50,,,,,,,,,,,O140,520,O410,294,O368,167,E039,107,O2682,57,,,,,,,,,,,,,,,,,,,,,,,,,,,,,,,,,,,,,,,,
1968,7501,,,,,,,,,,,28.07,393,76,1589,152,545,,,,,,,,,6611B,344,O700,377,O321,228,O630,107,O365,50,,,,,,,,,,,O288,468,O100,286,Z364,167,O9989,106,Z352,56,,,,,,,,,,,,,,,,,,,,,,,,,,,,,,,,,,,,,,,,
1966,7451,,,,,,,,,,,25.57,392,85,1468,179,437,,,,,,,,,O842,337,O702,342,O411,216,O993,107,List truncated...,,,,,,,,,,,,Z321,436,O266,284,E039,158,O149,98,O9989,55,,,,,,,,,,,,,,,,,,,,,,,,,,,,,,,,,,,,,,,,
2002,7413,,,,,,,,,,,27.67,392,77,1449,150,304,,,,,,,,,O640,330,O240,321,O235,213,O808,100,,,,,,,,,,,,,6424A,414,Z352,280,O9989,155,Z352,97,R103,54,,,,,,,,,,,,,,,,,,,,,,,,,,,,,,,,,,,,,,,,
1970,7278,,,,,,,,,,,26.08,392,82,1350,181,256,,,,,,,,,O321,320,O429,318,O429,210,O800,95,,,,,,,,,,,,,E6601,393,O9989,271,R104,152,Z364,90,O368,53,,,,,,,,,,,,,,,,,,,,,,,,,,,,,,,,,,,,,,,,
1967,7263,,,,,,,,,,,28.44,392,90,1167,182,234,,,,,,,,,6510B,312,Z302,293,O410,182,O429,94,,,,,,,,,,,,,O100,392,O368,238,O100,150,O2682,87,O266,53,,,,,,,,,,,,,,,,,,,,,,,,,,,,,,,,,,,,,,,,
1971,7182,,,,,,,,,,,25.9,391,51,1126,151,172,,,,,,,,,O366,311,V252A,286,O702,181,O249,91,,,,,,,,,,,,,O149,371,Z718,231,O288,144,O479,85,O149,52,,,,,,,,,,,,,,,,,,,,,,,,,,,,,,,,,,,,,,,,
1969,7136,,,,,,,,,,,26.25,391,83,1112,183,131,,,,,,,,,O48,294,O411,266,O992,176,E039,85,,,,,,,,,,,,,O358,369,O358,226,O240,139,Z875,84,O479,51,,,,,,,,,,,,,,,,,,,,,,,,,,,,,,,,,,,,,,,,
2004,7081,,,,,,,,,,,27.81,390,79,1079,184,83,,,,,,,,,6622B,273,O730,260,Z358,164,O750,83,,,,,,,,,,,,,6423A,361,Z875,208,Z875,136,O40,79,O100,50,,,,,,,,,,,,,,,,,,,,,,,,,,,,,,,,,,,,,,,,
1972,7029,,,,,,,,,,,26.68,390,84,984,149,64,,,,,,,,,O683,261,O610,258,O714,162,O240,78,,,,,,,,,,,,,O2682,338,R104,201,O358,134,O266,78,List truncated...,,,,,,,,,,,,,,,,,,,,,,,,,,,,,,,,,,,,,,,,,
1973,6943,,,,,,,,,,,26.07,390,86,886,148,63,,,,,,,,,O610,258,O421,257,O993,160,O321,77,,,,,,,,,,,,,R104,329,O149,181,O2682,132,Z321,74,,,,,,,,,,,,,,,,,,,,,,,,,,,,,,,,,,,,,,,,,,
2003,6902,,,,,,,,,,,25.18,389,88,833,185,54,,,,,,,,,O821,257,E6601,253,O700,158,O410,74,,,,,,,,,,,,,Z352,324,O140,175,O266,131,R103,73,,,,,,,,,,,,,,,,,,,,,,,,,,,,,,,,,,,,,,,,,,
2005,6865,,,,,,,,,,,27.02,389,87,814,List truncated...,,,,,,,,,,6531B,255,O369,253,O249,149,O9989,73,,,,,,,,,,,,,Z370,303,E039,170,O149,127,R104,71,,,,,,,,,,,,,,,,,,,,,,,,,,,,,,,,,,,,,,,,,,
2006,6814,,,,,,,,,,,26.17,389,95,774,,,,,,,,,,,O848,247,O410,248,Z372,142,E669,73,,,,,,,,,,,,,6400A,289,Z321,168,O40,118,O288,70,,,,,,,,,,,,,,,,,,,,,,,,,,,,,,,,,,,,,,,,,,
2007,6751,,,,,,,,,,,28.03,389,81,760,,,,,,,,,,,O688,237,Z358,244,O648,134,O714,64,,,,,,,,,,,,,Z34,287,R103,166,O479,117,Z359,68,,,,,,,,,,,,,,,,,,,,,,,,,,,,,,,,,,,,,,,,,,
2008,6729,,,,,,,,,,,27.09,388,48,745,,,,,,,,,,,6534B,219,O681,238,O691,134,O421,57,,,,,,,,,,,,,O368,283,O680,164,O140,116,E669,62,,,,,,,,,,,,,,,,,,,,,,,,,,,,,,,,,,,,,,,,,,
2020,6727,,,,,,,,,,,26.8,388,49,739,,,,,,,,,,,O235,213,O682,236,O610,131,O702,54,,,,,,,,,,,,,R103,261,O40,162,Z359,110,O991,60,,,,,,,,,,,,,,,,,,,,,,,,,,,,,,,,,,,,,,,,,,
2022,6671,,,,,,,,,,,26.91,388,92,682,,,,,,,,,,,6582B,194,O300,226,O420,122,O700,52,,,,,,,,,,,,,O993,261,O2682,158,R103,100,O100,59,,,,,,,,,,,,,,,,,,,,,,,,,,,,,,,,,,,,,,,,,,
2009,6551,,,,,,,,,,,28.49,388,89,598,,,,,,,,,,,6533B,177,O249,221,O681,121,O100,52,,,,,,,,,,,,,O469,244,Z359,151,O814,92,O814,58,,,,,,,,,,,,,,,,,,,,,,,,,,,,,,,,,,,,,,,,,,
2010,6475,,,,,,,,,,,25.96,387,93,558,,,,,,,,,,,O365,176,O993,219,O641,118,List truncated...,,,,,,,,,,,,,,V230A,226,O996,150,O996,91,O420,57,,,,,,,,,,,,,,,,,,,,,,,,,,,,,,,,,,,,,,,,,,
2021,6457,,,,,,,,,,,25.91,387,100,556,,,,,,,,,,,O750,171,O714,198,O421,117,,,,,,,,,,,,,,,6467A,219,6440A,149,O420,90,O358,56,,,,,,,,,,,,,,,,,,,,,,,,,,,,,,,,,,,,,,,,,,
1965,6333,,,,,,,,,,,27.52,387,47,538,,,,,,,,,,,6450B,168,O8211,196,O688,116,,,,,,,,,,,,,,,O410,214,V220A,145,E669,90,O990,53,,,,,,,,,,,,,,,,,,,,,,,,,,,,,,,,,,,,,,,,,,
2011,6271,,,,,,,,,,,29.51,387,94,532,,,,,,,,,,,6660A,161,O648,193,O100,115,,,,,,,,,,,,,,,O3000,213,O469,133,Z321,85,O996,52,,,,,,,,,,,,,,,,,,,,,,,,,,,,,,,,,,,,,,,,,,
1964,6195,,,,,,,,,,,29.08,387,98,487,,,,,,,,,,,O730,157,O420,192,O300,113,,,,,,,,,,,,,,,O9989,208,O814,131,O680,83,O820,51,,,,,,,,,,,,,,,,,,,,,,,,,,,,,,,,,,,,,,,,,,
2012,6091,,,,,,,,,,,28.2,387,96,446,,,,,,,,,,,6610B,153,O266,182,O9989,105,,,,,,,,,,,,,,,O814,207,Z350,126,O991,83,O8210,50,,,,,,,,,,,,,,,,,,,,,,,,,,,,,,,,,,,,,,,,,,
2013,5940,,,,,,,,,,,25.38,386,97,412,,,,,,,,,,,O429,151,O621,174,O369,100,,,,,,,,,,,,,,,O8210,206,O991,124,O8210,78,List truncated...,,,,,,,,,,,,,,,,,,,,,,,,,,,,,,,,,,,,,,,,,,,
2014,5917,,,,,,,,,,,27.25,386,91,403,,,,,,,,,,,6542B,150,O691,168,O621,98,,,,,,,,,,,,,,,6466A,203,O8210,113,O2688,76,,,,,,,,,,,,,,,,,,,,,,,,,,,,,,,,,,,,,,,,,,,,
2015,5725,,,,,,,,,,,28.69,386,105,378,,,,,,,,,,,O682,144,O140,166,E039,97,,,,,,,,,,,,,,,Z359,203,O2688,109,O300,76,,,,,,,,,,,,,,,,,,,,,,,,,,,,,,,,,,,,,,,,,,,,
2018,5656,,,,,,,,,,,26.98,385,46,327,,,,,,,,,,,O13,143,6700A,163,O8211,96,,,,,,,,,,,,,,,O992,201,O479,108,O359,71,,,,,,,,,,,,,,,,,,,,,,,,,,,,,,,,,,,,,,,,,,,,
1963,5641,,,,,,,,,,,29.87,385,45,301,,,,,,,,,,,Z340,142,O683,159,O730,96,,,,,,,,,,,,,,,Z875,195,O3000,105,O990,70,,,,,,,,,,,,,,,,,,,,,,,,,,,,,,,,,,,,,,,,,,,,
2016,5609,,,,,,,,,,,28.12,385,110,291,,,,,,,,,,,O300,137,O9989,155,O266,91,,,,,,,,,,,,,,,O141,191,O359,104,Z350,69,,,,,,,,,,,,,,,,,,,,,,,,,,,,,,,,,,,,,,,,,,,,
2019,5535,,,,,,,,,,,27.43,384,99,278,,,,,,,,,,,O240,130,O141,153,O665,89,,,,,,,,,,,,,,,6480A,182,6488A,99,O469,67,,,,,,,,,,,,,,,,,,,,,,,,,,,,,,,,,,,,,,,,,,,,
2017,5428,,,,,,,,,,,29.02,384,102,248,,,,,,,,,,,O410,124,O992,145,O470,89,,,,,,,,,,,,,,,6441A,169,O420,98,J459,65,,,,,,,,,,,,,,,,,,,,,,,,,,,,,,,,,,,,,,,,,,,,
1962,5098,,,,,,,,,,,27.03,383,103,235,,,,,,,,,,,E6601,117,O842,142,O722,87,,,,,,,,,,,,,,,O359,162,O631,93,O322,63,,,,,,,,,,,,,,,,,,,,,,,,,,,,,,,,,,,,,,,,,,,,
1961,4685,,,,,,,,,,,27.11,383,104,233,,,,,,,,,,,O421,115,O665,138,O140,84,,,,,,,,,,,,,,,O996,158,V230A,92,O440,61,,,,,,,,,,,,,,,,,,,,,,,,,,,,,,,,,,,,,,,,,,,,
1960,4216,,,,,,,,,,,25.08,382,115,205,,,,,,,,,,,O621,113,O470,135,O682,80,,,,,,,,,,,,,,,O209,157,O994,92,Z392,61,,,,,,,,,,,,,,,,,,,,,,,,,,,,,,,,,,,,,,,,,,,,
1959,3783,,,,,,,,,,,27.71,382,107,178,,,,,,,,,,,6531A,111,O722,133,E669,75,,,,,,,,,,,,,,,O40,154,Z354,92,O369,60,,,,,,,,,,,,,,,,,,,,,,,,,,,,,,,,,,,,,,,,,,,,
1958,3333,,,,,,,,,,,26.45,382,106,175,,,,,,,,,,,Z358,110,O757,131,Z348,75,,,,,,,,,,,,,,,O420,149,O343,91,O820,59,,,,,,,,,,,,,,,,,,,,,,,,,,,,,,,,,,,,,,,,,,,,
1957,3165,,,,,,,,,,,28.56,382,108,168,,,,,,,,,,,O648,108,6563B,130,O141,70,,,,,,,,,,,,,,,Z718,144,O322,85,O631,56,,,,,,,,,,,,,,,,,,,,,,,,,,,,,,,,,,,,,,,,,,,,
1956,2827,,,,,,,,,,,25.97,381,101,158,,,,,,,,,,,O249,108,6500B,129,O996,69,,,,,,,,,,,,,,,O991,138,O440,82,O267,55,,,,,,,,,,,,,,,,,,,,,,,,,,,,,,,,,,,,,,,,,,,,
1955,2409,,,,,,,,,,,27.94,381,120,156,,,,,,,,,,,O654,106,R875,126,R875,69,,,,,,,,,,,,,,,6522A,132,O267,80,Z354,55,,,,,,,,,,,,,,,,,,,,,,,,,,,,,,,,,,,,,,,,,,,,
1954,2101,,,,,,,,,,,27.64,381,109,154,,,,,,,,,,,Z348,105,O620,120,Z340,68,,,,,,,,,,,,,,,6450A,128,O995,78,Z018,53,,,,,,,,,,,,,,,,,,,,,,,,,,,,,,,,,,,,,,,,,,,,
1953,1791,,,,,,,,,,,27.8,381,44,136,,,,,,,,,,,O411,101,O654,117,O618,64,,,,,,,,,,,,,,,6420X,126,O990,77,O995,53,,,,,,,,,,,,,,,,,,,,,,,,,,,,,,,,,,,,,,,,,,,,
1952,1510,,,,,,,,,,,29.47,381,112,123,,,,,,,,,,,6598B,101,Z372,114,O842,64,,,,,,,,,,,,,,,O241,123,O209,77,R5180,50,,,,,,,,,,,,,,,,,,,,,,,,,,,,,,,,,,,,,,,,,,,,
2023,1315,,,,,,,,,,,29.38,381,113,119,,,,,,,,,,,O364,101,6522B,111,O654,63,,,,,,,,,,,,,,,O820,115,O820,76,List truncated...,,,,,,,,,,,,,,,,,,,,,,,,,,,,,,,,,,,,,,,,,,,,,
1951,1213,,,,,,,,,,,28.46,381,118,116,,,,,,,,,,,6522A,97,Z348,108,O40,63,,,,,,,,,,,,,,,O479,111,Z018,76,,,,,,,,,,,,,,,,,,,,,,,,,,,,,,,,,,,,,,,,,,,,,,
1950,1012,,,,,,,,,,,25.11,380,43,108,,,,,,,,,,,6528B,93,O149,108,O991,61,,,,,,,,,,,,,,,O2688,110,O369,75,,,,,,,,,,,,,,,,,,,,,,,,,,,,,,,,,,,,,,,,,,,,,,
1949,947,,,,,,,,,,,27.17,380,114,101,,,,,,,,,,,O620,92,6660A,104,O620,60,,,,,,,,,,,,,,,O990,106,Z364,72,,,,,,,,,,,,,,,,,,,,,,,,,,,,,,,,,,,,,,,,,,,,,,
1948,784,,,,,,,,,,,26.3,380,111,98,,,,,,,,,,,O140,90,O100,101,O752,60,,,,,,,,,,,,,,,O440,105,6423A,70,,,,,,,,,,,,,,,,,,,,,,,,,,,,,,,,,,,,,,,,,,,,,,
1947,603,,,,,,,,,,,25.07,379,116,98,,,,,,,,,,,6524B,89,O801,98,O683,56,,,,,,,,,,,,,,,O756,103,O121,69,,,,,,,,,,,,,,,,,,,,,,,,,,,,,,,,,,,,,,,,,,,,,,
1946,474,,,,,,,,,,,27.48,379,42,93,,,,,,,,,,,Z302,87,6440B,96,O757,55,,,,,,,,,,,,,,,6510A,101,O141,68,,,,,,,,,,,,,,,,,,,,,,,,,,,,,,,,,,,,,,,,,,,,,,
1945,316,,,,,,,,,,,27.18,379,125,89,,,,,,,,,,,6620B,85,O618,95,O660,54,,,,,,,,,,,,,,,6440B,100,O283,66,,,,,,,,,,,,,,,,,,,,,,,,,,,,,,,,,,,,,,,,,,,,,,
1944,183,,,,,,,,,,,27.69,379,117,88,,,,,,,,,,,6600B,85,6542B,93,O611,53,,,,,,,,,,,,,,,O421,100,Z392,66,,,,,,,,,,,,,,,,,,,,,,,,,,,,,,,,,,,,,,,,,,,,,,
1943,104,,,,,,,,,,,26.86,379,130,56,,,,,,,,,,,6660B,85,Z340,88,O622,52,,,,,,,,,,,,,,,Z354,98,E669,65,,,,,,,,,,,,,,,,,,,,,,,,,,,,,,,,,,,,,,,,,,,,,,
1941,77,,,,,,,,,,,26.37,379,122,52,,,,,,,,,,,O702,85,O731,87,O995,52,,,,,,,,,,,,,,,O210,97,O241,61,,,,,,,,,,,,,,,,,,,,,,,,,,,,,,,,,,,,,,,,,,,,,,
1942,73,,,,,,,,,,,26.48,379,119,50,,,,,,,,,,,6670A,83,O821,86,O149,52,,,,,,,,,,,,,,,O343,93,E668,61,,,,,,,,,,,,,,,,,,,,,,,,,,,,,,,,,,,,,,,,,,,,,,
List truncated...,,,,,,,,,,,,29.3,379,List truncated...,,,,,,,,,,,,O611,82,O838,85,O753,51,,,,,,,,,,,,,,,O121,92,R5180,58,,,,,,,,,,,,,,,,,,,,,,,,,,,,,,,,,,,,,,,,,,,,,,
,,,,,,,,,,,,28.15,379,,,,,,,,,,,,,O700,82,O840,84,List truncated...,,,,,,,,,,,,,,,,Z350,91,O610,57,,,,,,,,,,,,,,,,,,,,,,,,,,,,,,,,,,,,,,,,,,,,,,
,,,,,,,,,,,,28.59,379,,,,,,,,,,,,,6631A,82,O991,83,,,,,,,,,,,,,,,,,6430A,90,Z720,57,,,,,,,,,,,,,,,,,,,,,,,,,,,,,,,,,,,,,,,,,,,,,,
,,,,,,,,,,,,28.36,379,,,,,,,,,,,,,6661A,80,6582B,83,,,,,,,,,,,,,,,,,6565A,90,O756,57,,,,,,,,,,,,,,,,,,,,,,,,,,,,,,,,,,,,,,,,,,,,,,
,,,,,,,,,,,,25.87,378,,,,,,,,,,,,,O420,76,O848,82,,,,,,,,,,,,,,,,,O369,89,O341,57,,,,,,,,,,,,,,,,,,,,,,,,,,,,,,,,,,,,,,,,,,,,,,
,,,,,,,,,,,,27.28,378,,,,,,,,,,,,,O441,76,O660,81,,,,,,,,,,,,,,,,,6425A,87,O10,54,,,,,,,,,,,,,,,,,,,,,,,,,,,,,,,,,,,,,,,,,,,,,,
,,,,,,,,,,,,27.37,378,,,,,,,,,,,,,O714,74,6450B,80,,,,,,,,,,,,,,,,,O322,87,6467A,52,,,,,,,,,,,,,,,,,,,,,,,,,,,,,,,,,,,,,,,,,,,,,,
,,,,,,,,,,,,27.05,378,,,,,,,,,,,,,O141,74,6510B,75,,,,,,,,,,,,,,,,,O441,86,D688,52,,,,,,,,,,,,,,,,,,,,,,,,,,,,,,,,,,,,,,,,,,,,,,
,,,,,,,,,,,,27.86,378,,,,,,,,,,,,,6601B,73,Z352,74,,,,,,,,,,,,,,,,,Z712,86,O421,51,,,,,,,,,,,,,,,,,,,,,,,,,,,,,,,,,,,,,,,,,,,,,,
,,,,,,,,,,,,28.7,378,,,,,,,,,,,,,O266,73,O623,71,,,,,,,,,,,,,,,,,O998,82,6424A,51,,,,,,,,,,,,,,,,,,,,,,,,,,,,,,,,,,,,,,,,,,,,,,
,,,,,,,,,,,,26.46,378,,,,,,,,,,,,,O9989,69,O441,71,,,,,,,,,,,,,,,,,6461A,82,O701,51,,,,,,,,,,,,,,,,,,,,,,,,,,,,,,,,,,,,,,,,,,,,,,
,,,,,,,,,,,,28.09,378,,,,,,,,,,,,,6510A,68,O40,71,,,,,,,,,,,,,,,,,O267,81,List truncated...,,,,,,,,,,,,,,,,,,,,,,,,,,,,,,,,,,,,,,,,,,,,,,,
,,,,,,,,,,,,28.67,378,,,,,,,,,,,,,O440,68,O3000,69,,,,,,,,,,,,,,,,,O3001,80,,,,,,,,,,,,,,,,,,,,,,,,,,,,,,,,,,,,,,,,,,,,,,,,
,,,,,,,,,,,,28.43,378,,,,,,,,,,,,,6533A,67,O364,69,,,,,,,,,,,,,,,,,O283,79,,,,,,,,,,,,,,,,,,,,,,,,,,,,,,,,,,,,,,,,,,,,,,,,
,,,,,,,,,,,,25.41,377,,,,,,,,,,,,,6581A,63,O996,68,,,,,,,,,,,,,,,,,6462A,77,,,,,,,,,,,,,,,,,,,,,,,,,,,,,,,,,,,,,,,,,,,,,,,,
,,,,,,,,,,,,27.9,377,,,,,,,,,,,,,6563A,62,6661A,67,,,,,,,,,,,,,,,,,O47,77,,,,,,,,,,,,,,,,,,,,,,,,,,,,,,,,,,,,,,,,,,,,,,,,
,,,,,,,,,,,,29.27,377,,,,,,,,,,,,,O722,62,O622,67,,,,,,,,,,,,,,,,,6482A,73,,,,,,,,,,,,,,,,,,,,,,,,,,,,,,,,,,,,,,,,,,,,,,,,
,,,,,,,,,,,,List truncated...,,,,,,,,,,,,,,List truncated...,,List truncated...,,,,,,,,,,,,,,,,,,List truncated...,,,,,,,,,,,,,,,,,,,,,,,,,,,,,,,,,,,,,,,,,,,,,,,,,
